customer_id,platform,device,amount,ad_spend,watch_date
1102,TikTok Ads,Tablet,83,85,2024-08-01 00:00:00
1435,TikTok Ads,Tablet,201,117,2024-08-01 01:00:00
1860,Google Ads,Tablet,270,100,2024-08-01 02:00:00
1270,Google Ads,Tablet,365,76,2024-08-01 03:00:00
1106,Meta Ads,Computer,79,151,2024-08-01 04:00:00
1071,Google Ads,Computer,99,67,2024-08-01 05:00:00
1700,LinkedIn Ads,Computer,269,42,2024-08-01 06:00:00
1020,TikTok Ads,Mobile,135,71,2024-08-01 07:00:00
1614,Meta Ads,Tablet,240,191,2024-08-01 08:00:00
1121,Google Ads,Tablet,304,73,2024-08-01 09:00:00
1466,LinkedIn Ads,Computer,428,17,2024-08-01 10:00:00
1214,LinkedIn Ads,Tablet,138,179,2024-08-01 11:00:00
1330,Google Ads,Tablet,289,193,2024-08-01 12:00:00
1458,TikTok Ads,Computer,322,35,2024-08-01 13:00:00
1087,Google Ads,Mobile,109,118,2024-08-01 14:00:00
1372,Meta Ads,Mobile,335,26,2024-08-01 15:00:00
1099,Google Ads,Mobile,306,97,2024-08-01 16:00:00
1871,LinkedIn Ads,Computer,191,175,2024-08-01 17:00:00
1663,Google Ads,Tablet,183,71,2024-08-01 18:00:00
1130,TikTok Ads,Computer,325,58,2024-08-01 19:00:00
1661,YouTube Ads,Computer,373,142,2024-08-01 20:00:00
1308,Google Ads,Tablet,197,46,2024-08-01 21:00:00
1769,TikTok Ads,Mobile,66,68,2024-08-01 22:00:00
1343,TikTok Ads,Mobile,40,130,2024-08-01 23:00:00
1491,LinkedIn Ads,Computer,93,25,2024-08-02 00:00:00
1413,TikTok Ads,Mobile,161,198,2024-08-02 01:00:00
1805,TikTok Ads,Computer,482,173,2024-08-02 02:00:00
1385,TikTok Ads,Computer,45,156,2024-08-02 03:00:00
1191,TikTok Ads,Tablet,222,39,2024-08-02 04:00:00
1955,Meta Ads,Tablet,423,188,2024-08-02 05:00:00
1276,Meta Ads,Tablet,417,34,2024-08-02 06:00:00
1160,LinkedIn Ads,Computer,373,61,2024-08-02 07:00:00
1459,Google Ads,Tablet,115,51,2024-08-02 08:00:00
1313,TikTok Ads,Mobile,423,167,2024-08-02 09:00:00
1021,Google Ads,Mobile,351,23,2024-08-02 10:00:00
1252,Google Ads,Computer,229,118,2024-08-02 11:00:00
1747,LinkedIn Ads,Computer,400,12,2024-08-02 12:00:00
1856,TikTok Ads,Tablet,172,30,2024-08-02 13:00:00
1560,TikTok Ads,Computer,448,117,2024-08-02 14:00:00
1474,YouTube Ads,Computer,229,75,2024-08-02 15:00:00
1058,Google Ads,Mobile,279,34,2024-08-02 16:00:00
1510,Google Ads,Mobile,129,139,2024-08-02 17:00:00
1681,Meta Ads,Tablet,403,71,2024-08-02 18:00:00
1475,YouTube Ads,Computer,345,69,2024-08-02 19:00:00
1699,Meta Ads,Computer,409,40,2024-08-02 20:00:00
1975,Meta Ads,Mobile,191,29,2024-08-02 21:00:00
1782,Meta Ads,Computer,488,41,2024-08-02 22:00:00
1189,LinkedIn Ads,Mobile,115,5,2024-08-02 23:00:00
1957,LinkedIn Ads,Tablet,226,147,2024-08-03 00:00:00
1686,Meta Ads,Mobile,214,41,2024-08-03 01:00:00
1957,YouTube Ads,Computer,79,145,2024-08-03 02:00:00
1562,Google Ads,Tablet,53,140,2024-08-03 03:00:00
1875,YouTube Ads,Mobile,338,137,2024-08-03 04:00:00
1566,TikTok Ads,Mobile,310,192,2024-08-03 05:00:00
1243,LinkedIn Ads,Tablet,237,132,2024-08-03 06:00:00
1831,Google Ads,Tablet,193,131,2024-08-03 07:00:00
1504,Google Ads,Mobile,116,5,2024-08-03 08:00:00
1130,TikTok Ads,Computer,93,168,2024-08-03 09:00:00
1484,TikTok Ads,Mobile,347,39,2024-08-03 10:00:00
1818,Meta Ads,Tablet,259,198,2024-08-03 11:00:00
1646,LinkedIn Ads,Mobile,372,195,2024-08-03 12:00:00
1020,LinkedIn Ads,Tablet,450,108,2024-08-03 13:00:00
1840,YouTube Ads,Tablet,30,27,2024-08-03 14:00:00
1166,Meta Ads,Computer,205,13,2024-08-03 15:00:00
1273,Meta Ads,Tablet,187,38,2024-08-03 16:00:00
1387,Meta Ads,Tablet,426,178,2024-08-03 17:00:00
1600,Meta Ads,Computer,484,132,2024-08-03 18:00:00
1315,LinkedIn Ads,Tablet,16,8,2024-08-03 19:00:00
1013,LinkedIn Ads,Computer,79,162,2024-08-03 20:00:00
1241,Meta Ads,Computer,136,106,2024-08-03 21:00:00
1776,YouTube Ads,Tablet,408,79,2024-08-03 22:00:00
1345,Google Ads,Tablet,475,103,2024-08-03 23:00:00
1564,Google Ads,Mobile,169,76,2024-08-04 00:00:00
1897,YouTube Ads,Computer,257,7,2024-08-04 01:00:00
1339,Meta Ads,Mobile,212,146,2024-08-04 02:00:00
1091,LinkedIn Ads,Tablet,157,192,2024-08-04 03:00:00
1366,Google Ads,Mobile,481,177,2024-08-04 04:00:00
1955,TikTok Ads,Computer,152,38,2024-08-04 05:00:00
1454,TikTok Ads,Mobile,441,49,2024-08-04 06:00:00
1427,YouTube Ads,Computer,208,65,2024-08-04 07:00:00
1508,Meta Ads,Tablet,414,87,2024-08-04 08:00:00
1775,Google Ads,Tablet,435,127,2024-08-04 09:00:00
1942,Meta Ads,Computer,163,106,2024-08-04 10:00:00
1034,Google Ads,Tablet,385,20,2024-08-04 11:00:00
1205,YouTube Ads,Tablet,393,70,2024-08-04 12:00:00
1080,YouTube Ads,Tablet,151,172,2024-08-04 13:00:00
1931,TikTok Ads,Tablet,322,149,2024-08-04 14:00:00
1561,Meta Ads,Computer,174,123,2024-08-04 15:00:00
1871,TikTok Ads,Mobile,323,166,2024-08-04 16:00:00
1387,Meta Ads,Mobile,30,128,2024-08-04 17:00:00
1001,TikTok Ads,Tablet,91,148,2024-08-04 18:00:00
1389,LinkedIn Ads,Mobile,78,106,2024-08-04 19:00:00
1565,LinkedIn Ads,Mobile,140,192,2024-08-04 20:00:00
1105,LinkedIn Ads,Tablet,96,70,2024-08-04 21:00:00
1771,LinkedIn Ads,Tablet,227,198,2024-08-04 22:00:00
1821,Google Ads,Mobile,430,17,2024-08-04 23:00:00
1476,LinkedIn Ads,Computer,481,188,2024-08-05 00:00:00
1702,YouTube Ads,Tablet,314,115,2024-08-05 01:00:00
1401,YouTube Ads,Computer,412,163,2024-08-05 02:00:00
1729,Google Ads,Mobile,380,38,2024-08-05 03:00:00
1555,LinkedIn Ads,Tablet,354,43,2024-08-05 04:00:00
1161,LinkedIn Ads,Computer,350,199,2024-08-05 05:00:00
1201,LinkedIn Ads,Tablet,393,140,2024-08-05 06:00:00
1957,TikTok Ads,Mobile,405,124,2024-08-05 07:00:00
1995,Meta Ads,Computer,454,130,2024-08-05 08:00:00
1269,TikTok Ads,Mobile,434,59,2024-08-05 09:00:00
1862,Meta Ads,Mobile,170,31,2024-08-05 10:00:00
1815,LinkedIn Ads,Tablet,187,122,2024-08-05 11:00:00
1270,LinkedIn Ads,Computer,126,57,2024-08-05 12:00:00
1455,TikTok Ads,Mobile,205,43,2024-08-05 13:00:00
1461,TikTok Ads,Mobile,392,69,2024-08-05 14:00:00
1726,Meta Ads,Computer,499,149,2024-08-05 15:00:00
1251,YouTube Ads,Mobile,336,162,2024-08-05 16:00:00
1701,Meta Ads,Mobile,95,185,2024-08-05 17:00:00
1295,TikTok Ads,Computer,298,17,2024-08-05 18:00:00
1724,TikTok Ads,Computer,90,25,2024-08-05 19:00:00
1719,Google Ads,Computer,161,151,2024-08-05 20:00:00
1748,TikTok Ads,Computer,70,57,2024-08-05 21:00:00
1337,Google Ads,Tablet,70,23,2024-08-05 22:00:00
1878,YouTube Ads,Computer,363,61,2024-08-05 23:00:00
1052,Meta Ads,Tablet,37,29,2024-08-06 00:00:00
1791,Meta Ads,Tablet,451,35,2024-08-06 01:00:00
1921,Google Ads,Tablet,52,85,2024-08-06 02:00:00
1216,Meta Ads,Mobile,178,187,2024-08-06 03:00:00
1763,TikTok Ads,Tablet,432,27,2024-08-06 04:00:00
1187,LinkedIn Ads,Tablet,95,36,2024-08-06 05:00:00
1379,Google Ads,Mobile,186,194,2024-08-06 06:00:00
1492,Meta Ads,Mobile,26,78,2024-08-06 07:00:00
1040,Google Ads,Mobile,107,14,2024-08-06 08:00:00
1156,Google Ads,Computer,463,58,2024-08-06 09:00:00
1014,LinkedIn Ads,Mobile,207,56,2024-08-06 10:00:00
1812,TikTok Ads,Mobile,107,152,2024-08-06 11:00:00
1064,Google Ads,Tablet,74,164,2024-08-06 12:00:00
1856,Meta Ads,Mobile,339,118,2024-08-06 13:00:00
1838,YouTube Ads,Computer,350,18,2024-08-06 14:00:00
1520,Google Ads,Mobile,14,182,2024-08-06 15:00:00
1343,Google Ads,Computer,11,160,2024-08-06 16:00:00
1128,LinkedIn Ads,Mobile,31,114,2024-08-06 17:00:00
1647,TikTok Ads,Mobile,121,57,2024-08-06 18:00:00
1471,YouTube Ads,Mobile,66,156,2024-08-06 19:00:00
1062,Meta Ads,Mobile,75,83,2024-08-06 20:00:00
1138,YouTube Ads,Computer,339,26,2024-08-06 21:00:00
1498,Meta Ads,Computer,107,34,2024-08-06 22:00:00
1592,TikTok Ads,Tablet,153,195,2024-08-06 23:00:00
1391,Meta Ads,Computer,377,8,2024-08-07 00:00:00
1674,LinkedIn Ads,Mobile,444,63,2024-08-07 01:00:00
1418,LinkedIn Ads,Tablet,134,12,2024-08-07 02:00:00
1288,LinkedIn Ads,Tablet,176,16,2024-08-07 03:00:00
1378,LinkedIn Ads,Tablet,95,123,2024-08-07 04:00:00
1772,YouTube Ads,Mobile,85,163,2024-08-07 05:00:00
1489,TikTok Ads,Computer,353,38,2024-08-07 06:00:00
1230,Meta Ads,Mobile,433,86,2024-08-07 07:00:00
1040,Meta Ads,Tablet,303,102,2024-08-07 08:00:00
1027,LinkedIn Ads,Mobile,453,131,2024-08-07 09:00:00
1134,LinkedIn Ads,Mobile,68,79,2024-08-07 10:00:00
1200,Google Ads,Computer,147,109,2024-08-07 11:00:00
1839,TikTok Ads,Computer,108,53,2024-08-07 12:00:00
1779,YouTube Ads,Tablet,201,83,2024-08-07 13:00:00
1929,Meta Ads,Mobile,252,189,2024-08-07 14:00:00
1032,Google Ads,Mobile,328,97,2024-08-07 15:00:00
1047,Google Ads,Computer,58,158,2024-08-07 16:00:00
1502,Meta Ads,Mobile,457,22,2024-08-07 17:00:00
1406,YouTube Ads,Mobile,41,100,2024-08-07 18:00:00
1573,Google Ads,Mobile,400,42,2024-08-07 19:00:00
1727,Google Ads,Computer,286,91,2024-08-07 20:00:00
1804,TikTok Ads,Tablet,29,92,2024-08-07 21:00:00
1098,YouTube Ads,Tablet,163,54,2024-08-07 22:00:00
1683,Google Ads,Mobile,392,12,2024-08-07 23:00:00
1871,YouTube Ads,Tablet,77,173,2024-08-08 00:00:00
1725,Meta Ads,Computer,375,138,2024-08-08 01:00:00
1986,LinkedIn Ads,Computer,381,73,2024-08-08 02:00:00
1546,Google Ads,Tablet,223,176,2024-08-08 03:00:00
1960,TikTok Ads,Tablet,152,125,2024-08-08 04:00:00
1738,Meta Ads,Mobile,385,68,2024-08-08 05:00:00
1612,YouTube Ads,Tablet,241,161,2024-08-08 06:00:00
1942,Meta Ads,Mobile,222,160,2024-08-08 07:00:00
1461,Google Ads,Mobile,88,143,2024-08-08 08:00:00
1642,YouTube Ads,Computer,223,125,2024-08-08 09:00:00
1768,LinkedIn Ads,Computer,125,69,2024-08-08 10:00:00
1004,Meta Ads,Computer,101,111,2024-08-08 11:00:00
1217,Google Ads,Computer,279,151,2024-08-08 12:00:00
1502,TikTok Ads,Tablet,420,141,2024-08-08 13:00:00
1766,YouTube Ads,Computer,390,159,2024-08-08 14:00:00
1397,Meta Ads,Tablet,498,166,2024-08-08 15:00:00
1870,Meta Ads,Computer,177,176,2024-08-08 16:00:00
1794,LinkedIn Ads,Tablet,67,104,2024-08-08 17:00:00
1392,LinkedIn Ads,Mobile,293,86,2024-08-08 18:00:00
1206,TikTok Ads,Tablet,35,147,2024-08-08 19:00:00
1014,TikTok Ads,Tablet,378,55,2024-08-08 20:00:00
1857,Google Ads,Computer,456,145,2024-08-08 21:00:00
1553,Google Ads,Tablet,75,87,2024-08-08 22:00:00
1891,TikTok Ads,Mobile,418,181,2024-08-08 23:00:00
1460,TikTok Ads,Mobile,257,116,2024-08-09 00:00:00
1690,YouTube Ads,Computer,263,60,2024-08-09 01:00:00
1574,LinkedIn Ads,Mobile,396,183,2024-08-09 02:00:00
1863,Google Ads,Tablet,465,169,2024-08-09 03:00:00
1742,LinkedIn Ads,Mobile,53,149,2024-08-09 04:00:00
1240,LinkedIn Ads,Computer,106,190,2024-08-09 05:00:00
1563,TikTok Ads,Tablet,51,161,2024-08-09 06:00:00
1095,YouTube Ads,Computer,236,165,2024-08-09 07:00:00
1899,Meta Ads,Tablet,271,64,2024-08-09 08:00:00
1733,YouTube Ads,Mobile,176,124,2024-08-09 09:00:00
1484,YouTube Ads,Computer,445,187,2024-08-09 10:00:00
1406,LinkedIn Ads,Computer,288,142,2024-08-09 11:00:00
1230,YouTube Ads,Tablet,98,179,2024-08-09 12:00:00
1748,Google Ads,Computer,388,27,2024-08-09 13:00:00
1654,LinkedIn Ads,Tablet,187,153,2024-08-09 14:00:00
1170,Google Ads,Tablet,436,17,2024-08-09 15:00:00
1540,Meta Ads,Tablet,412,105,2024-08-09 16:00:00
1035,LinkedIn Ads,Tablet,206,165,2024-08-09 17:00:00
1524,Meta Ads,Mobile,316,28,2024-08-09 18:00:00
1159,LinkedIn Ads,Tablet,276,112,2024-08-09 19:00:00
1838,TikTok Ads,Computer,277,15,2024-08-09 20:00:00
1698,YouTube Ads,Mobile,83,21,2024-08-09 21:00:00
1242,TikTok Ads,Computer,17,179,2024-08-09 22:00:00
1085,Meta Ads,Mobile,417,29,2024-08-09 23:00:00
1795,YouTube Ads,Tablet,485,98,2024-08-10 00:00:00
1577,LinkedIn Ads,Mobile,306,25,2024-08-10 01:00:00
1681,YouTube Ads,Mobile,173,88,2024-08-10 02:00:00
1556,Google Ads,Computer,494,144,2024-08-10 03:00:00
1573,YouTube Ads,Computer,94,41,2024-08-10 04:00:00
1952,Google Ads,Tablet,81,46,2024-08-10 05:00:00
1645,YouTube Ads,Mobile,64,149,2024-08-10 06:00:00
1795,Google Ads,Mobile,402,105,2024-08-10 07:00:00
1027,Meta Ads,Mobile,56,52,2024-08-10 08:00:00
1619,TikTok Ads,Tablet,408,107,2024-08-10 09:00:00
1555,LinkedIn Ads,Tablet,441,32,2024-08-10 10:00:00
1339,YouTube Ads,Tablet,247,45,2024-08-10 11:00:00
1797,TikTok Ads,Tablet,113,103,2024-08-10 12:00:00
1957,LinkedIn Ads,Tablet,219,51,2024-08-10 13:00:00
1330,LinkedIn Ads,Computer,51,150,2024-08-10 14:00:00
1639,Google Ads,Mobile,325,109,2024-08-10 15:00:00
1505,Meta Ads,Mobile,477,128,2024-08-10 16:00:00
1347,Meta Ads,Mobile,463,17,2024-08-10 17:00:00
1472,TikTok Ads,Mobile,277,145,2024-08-10 18:00:00
1230,Meta Ads,Mobile,395,104,2024-08-10 19:00:00
1189,YouTube Ads,Mobile,272,35,2024-08-10 20:00:00
1224,Meta Ads,Mobile,345,134,2024-08-10 21:00:00
1384,TikTok Ads,Mobile,396,20,2024-08-10 22:00:00
1376,Meta Ads,Computer,374,141,2024-08-10 23:00:00
1282,YouTube Ads,Mobile,268,77,2024-08-11 00:00:00
1957,Google Ads,Computer,292,170,2024-08-11 01:00:00
1632,TikTok Ads,Tablet,123,58,2024-08-11 02:00:00
1627,Google Ads,Mobile,372,188,2024-08-11 03:00:00
1972,Google Ads,Tablet,49,104,2024-08-11 04:00:00
1744,Google Ads,Tablet,495,113,2024-08-11 05:00:00
1258,LinkedIn Ads,Tablet,426,91,2024-08-11 06:00:00
1358,LinkedIn Ads,Computer,229,177,2024-08-11 07:00:00
1709,Google Ads,Tablet,138,166,2024-08-11 08:00:00
1455,TikTok Ads,Tablet,17,141,2024-08-11 09:00:00
1410,YouTube Ads,Tablet,110,12,2024-08-11 10:00:00
1648,YouTube Ads,Mobile,425,11,2024-08-11 11:00:00
1317,Meta Ads,Mobile,389,40,2024-08-11 12:00:00
1676,TikTok Ads,Computer,185,22,2024-08-11 13:00:00
1224,LinkedIn Ads,Computer,116,7,2024-08-11 14:00:00
1818,Google Ads,Mobile,110,32,2024-08-11 15:00:00
1233,Meta Ads,Computer,269,74,2024-08-11 16:00:00
1683,YouTube Ads,Mobile,487,176,2024-08-11 17:00:00
1663,LinkedIn Ads,Tablet,463,153,2024-08-11 18:00:00
1974,LinkedIn Ads,Tablet,375,32,2024-08-11 19:00:00
1826,Google Ads,Computer,255,58,2024-08-11 20:00:00
1373,YouTube Ads,Mobile,284,186,2024-08-11 21:00:00
1671,TikTok Ads,Mobile,41,69,2024-08-11 22:00:00
1607,LinkedIn Ads,Computer,146,104,2024-08-11 23:00:00
1471,Google Ads,Mobile,21,25,2024-08-12 00:00:00
1232,TikTok Ads,Tablet,404,17,2024-08-12 01:00:00
1691,YouTube Ads,Computer,311,61,2024-08-12 02:00:00
1112,LinkedIn Ads,Computer,384,53,2024-08-12 03:00:00
1829,TikTok Ads,Mobile,25,122,2024-08-12 04:00:00
1496,TikTok Ads,Computer,138,58,2024-08-12 05:00:00
1441,TikTok Ads,Mobile,72,142,2024-08-12 06:00:00
1563,LinkedIn Ads,Mobile,118,57,2024-08-12 07:00:00
1267,LinkedIn Ads,Mobile,384,48,2024-08-12 08:00:00
1509,Meta Ads,Mobile,30,51,2024-08-12 09:00:00
1806,YouTube Ads,Mobile,167,57,2024-08-12 10:00:00
1385,Google Ads,Computer,278,78,2024-08-12 11:00:00
1386,TikTok Ads,Tablet,171,50,2024-08-12 12:00:00
1112,Meta Ads,Tablet,269,17,2024-08-12 13:00:00
1612,Google Ads,Computer,421,169,2024-08-12 14:00:00
1624,Meta Ads,Computer,111,106,2024-08-12 15:00:00
1951,LinkedIn Ads,Tablet,232,28,2024-08-12 16:00:00
1080,TikTok Ads,Tablet,68,6,2024-08-12 17:00:00
1698,Google Ads,Tablet,256,85,2024-08-12 18:00:00
1112,Google Ads,Tablet,137,104,2024-08-12 19:00:00
1001,Google Ads,Tablet,292,146,2024-08-12 20:00:00
1641,Google Ads,Mobile,334,142,2024-08-12 21:00:00
1219,Google Ads,Computer,34,167,2024-08-12 22:00:00
1565,Meta Ads,Mobile,140,157,2024-08-12 23:00:00
1854,TikTok Ads,Tablet,362,135,2024-08-13 00:00:00
1996,LinkedIn Ads,Tablet,205,115,2024-08-13 01:00:00
1735,LinkedIn Ads,Tablet,290,106,2024-08-13 02:00:00
1224,LinkedIn Ads,Mobile,413,21,2024-08-13 03:00:00
1384,LinkedIn Ads,Mobile,427,16,2024-08-13 04:00:00
1402,Meta Ads,Tablet,163,186,2024-08-13 05:00:00
1637,YouTube Ads,Mobile,391,120,2024-08-13 06:00:00
1129,TikTok Ads,Mobile,142,28,2024-08-13 07:00:00
1052,Google Ads,Tablet,236,33,2024-08-13 08:00:00
1683,YouTube Ads,Mobile,198,175,2024-08-13 09:00:00
1729,LinkedIn Ads,Computer,485,157,2024-08-13 10:00:00
1671,YouTube Ads,Computer,486,126,2024-08-13 11:00:00
1709,TikTok Ads,Computer,274,192,2024-08-13 12:00:00
1415,Google Ads,Computer,381,94,2024-08-13 13:00:00
1246,Google Ads,Tablet,495,69,2024-08-13 14:00:00
1835,TikTok Ads,Tablet,443,88,2024-08-13 15:00:00
1438,TikTok Ads,Tablet,143,123,2024-08-13 16:00:00
1202,LinkedIn Ads,Computer,220,160,2024-08-13 17:00:00
1183,Google Ads,Computer,69,20,2024-08-13 18:00:00
1122,YouTube Ads,Mobile,437,179,2024-08-13 19:00:00
1400,Meta Ads,Mobile,386,108,2024-08-13 20:00:00
1766,Meta Ads,Computer,404,96,2024-08-13 21:00:00
1293,TikTok Ads,Computer,459,190,2024-08-13 22:00:00
1279,LinkedIn Ads,Computer,440,31,2024-08-13 23:00:00
1836,Meta Ads,Computer,373,185,2024-08-14 00:00:00
1883,Google Ads,Mobile,373,174,2024-08-14 01:00:00
1609,TikTok Ads,Computer,466,191,2024-08-14 02:00:00
1197,YouTube Ads,Mobile,222,179,2024-08-14 03:00:00
1981,TikTok Ads,Computer,225,166,2024-08-14 04:00:00
1906,YouTube Ads,Computer,235,169,2024-08-14 05:00:00
1510,TikTok Ads,Computer,479,138,2024-08-14 06:00:00
1751,TikTok Ads,Mobile,140,139,2024-08-14 07:00:00
1143,TikTok Ads,Mobile,85,157,2024-08-14 08:00:00
1608,YouTube Ads,Tablet,485,37,2024-08-14 09:00:00
1200,YouTube Ads,Computer,295,59,2024-08-14 10:00:00
1123,TikTok Ads,Tablet,483,190,2024-08-14 11:00:00
1186,Meta Ads,Tablet,286,11,2024-08-14 12:00:00
1325,LinkedIn Ads,Mobile,165,61,2024-08-14 13:00:00
1463,LinkedIn Ads,Mobile,257,130,2024-08-14 14:00:00
1348,LinkedIn Ads,Tablet,227,16,2024-08-14 15:00:00
1770,YouTube Ads,Computer,199,20,2024-08-14 16:00:00
1659,YouTube Ads,Mobile,426,47,2024-08-14 17:00:00
1763,Meta Ads,Computer,478,121,2024-08-14 18:00:00
1954,LinkedIn Ads,Computer,172,139,2024-08-14 19:00:00
1931,LinkedIn Ads,Tablet,189,115,2024-08-14 20:00:00
1402,TikTok Ads,Tablet,43,55,2024-08-14 21:00:00
1345,YouTube Ads,Tablet,50,164,2024-08-14 22:00:00
1962,LinkedIn Ads,Tablet,316,79,2024-08-14 23:00:00
1510,Meta Ads,Mobile,440,12,2024-08-15 00:00:00
1146,Meta Ads,Mobile,347,49,2024-08-15 01:00:00
1147,LinkedIn Ads,Tablet,323,63,2024-08-15 02:00:00
1863,YouTube Ads,Mobile,84,136,2024-08-15 03:00:00
1710,Meta Ads,Tablet,450,108,2024-08-15 04:00:00
1819,TikTok Ads,Computer,288,199,2024-08-15 05:00:00
1488,Meta Ads,Computer,185,161,2024-08-15 06:00:00
1928,Google Ads,Computer,393,161,2024-08-15 07:00:00
1935,Google Ads,Tablet,159,102,2024-08-15 08:00:00
1639,YouTube Ads,Computer,282,160,2024-08-15 09:00:00
1550,LinkedIn Ads,Mobile,334,83,2024-08-15 10:00:00
1337,YouTube Ads,Computer,117,128,2024-08-15 11:00:00
1871,YouTube Ads,Computer,148,176,2024-08-15 12:00:00
1640,YouTube Ads,Computer,359,8,2024-08-15 13:00:00
1778,YouTube Ads,Mobile,280,94,2024-08-15 14:00:00
1987,TikTok Ads,Tablet,356,108,2024-08-15 15:00:00
1952,TikTok Ads,Mobile,428,141,2024-08-15 16:00:00
1472,Meta Ads,Tablet,298,123,2024-08-15 17:00:00
1945,Google Ads,Tablet,221,137,2024-08-15 18:00:00
1150,YouTube Ads,Computer,390,60,2024-08-15 19:00:00
1414,Meta Ads,Tablet,281,100,2024-08-15 20:00:00
1989,Google Ads,Mobile,427,182,2024-08-15 21:00:00
1297,LinkedIn Ads,Mobile,75,79,2024-08-15 22:00:00
1610,TikTok Ads,Tablet,492,147,2024-08-15 23:00:00
1262,Google Ads,Computer,433,36,2024-08-16 00:00:00
1763,LinkedIn Ads,Computer,257,32,2024-08-16 01:00:00
1143,Google Ads,Mobile,165,26,2024-08-16 02:00:00
1345,TikTok Ads,Computer,56,21,2024-08-16 03:00:00
1623,TikTok Ads,Tablet,432,63,2024-08-16 04:00:00
1571,Meta Ads,Tablet,463,94,2024-08-16 05:00:00
1880,YouTube Ads,Mobile,210,110,2024-08-16 06:00:00
1001,Google Ads,Tablet,157,189,2024-08-16 07:00:00
1896,Google Ads,Mobile,133,30,2024-08-16 08:00:00
1303,LinkedIn Ads,Tablet,10,29,2024-08-16 09:00:00
1253,TikTok Ads,Mobile,465,142,2024-08-16 10:00:00
1651,Google Ads,Computer,256,49,2024-08-16 11:00:00
1452,TikTok Ads,Tablet,352,87,2024-08-16 12:00:00
1036,Google Ads,Tablet,137,15,2024-08-16 13:00:00
1159,Meta Ads,Mobile,200,185,2024-08-16 14:00:00
1008,YouTube Ads,Mobile,76,108,2024-08-16 15:00:00
1232,Google Ads,Tablet,13,72,2024-08-16 16:00:00
1098,TikTok Ads,Mobile,451,99,2024-08-16 17:00:00
1658,Meta Ads,Tablet,418,160,2024-08-16 18:00:00
1815,Google Ads,Computer,312,69,2024-08-16 19:00:00
1207,LinkedIn Ads,Mobile,303,53,2024-08-16 20:00:00
1130,YouTube Ads,Tablet,152,179,2024-08-16 21:00:00
1403,Google Ads,Computer,200,56,2024-08-16 22:00:00
1151,Meta Ads,Computer,30,106,2024-08-16 23:00:00
1053,LinkedIn Ads,Tablet,236,186,2024-08-17 00:00:00
1119,Meta Ads,Mobile,322,192,2024-08-17 01:00:00
1672,Meta Ads,Tablet,126,61,2024-08-17 02:00:00
1919,LinkedIn Ads,Computer,446,51,2024-08-17 03:00:00
1627,Meta Ads,Tablet,311,163,2024-08-17 04:00:00
1586,LinkedIn Ads,Mobile,151,178,2024-08-17 05:00:00
1624,Google Ads,Computer,493,30,2024-08-17 06:00:00
1967,LinkedIn Ads,Tablet,469,118,2024-08-17 07:00:00
1419,LinkedIn Ads,Mobile,410,9,2024-08-17 08:00:00
1421,YouTube Ads,Computer,48,88,2024-08-17 09:00:00
1103,LinkedIn Ads,Mobile,402,56,2024-08-17 10:00:00
1851,LinkedIn Ads,Computer,364,109,2024-08-17 11:00:00
1253,Google Ads,Tablet,261,58,2024-08-17 12:00:00
1226,YouTube Ads,Mobile,342,165,2024-08-17 13:00:00
1111,TikTok Ads,Computer,216,182,2024-08-17 14:00:00
1509,Google Ads,Mobile,219,170,2024-08-17 15:00:00
1472,Google Ads,Mobile,124,159,2024-08-17 16:00:00
1098,TikTok Ads,Tablet,234,19,2024-08-17 17:00:00
1152,LinkedIn Ads,Mobile,143,65,2024-08-17 18:00:00
1860,Meta Ads,Computer,260,126,2024-08-17 19:00:00
1913,YouTube Ads,Computer,228,25,2024-08-17 20:00:00
1895,Meta Ads,Computer,416,50,2024-08-17 21:00:00
1877,TikTok Ads,Computer,452,138,2024-08-17 22:00:00
1337,Google Ads,Tablet,100,42,2024-08-17 23:00:00
1705,Google Ads,Mobile,363,66,2024-08-18 00:00:00
1821,YouTube Ads,Tablet,385,90,2024-08-18 01:00:00
1162,Google Ads,Mobile,55,194,2024-08-18 02:00:00
1719,Google Ads,Mobile,47,82,2024-08-18 03:00:00
1956,YouTube Ads,Mobile,151,50,2024-08-18 04:00:00
1680,YouTube Ads,Tablet,109,145,2024-08-18 05:00:00
1995,TikTok Ads,Mobile,337,7,2024-08-18 06:00:00
1160,Google Ads,Tablet,199,10,2024-08-18 07:00:00
1579,Google Ads,Computer,44,97,2024-08-18 08:00:00
1800,TikTok Ads,Computer,156,12,2024-08-18 09:00:00
1397,LinkedIn Ads,Mobile,39,176,2024-08-18 10:00:00
1276,LinkedIn Ads,Tablet,343,112,2024-08-18 11:00:00
1815,LinkedIn Ads,Computer,93,165,2024-08-18 12:00:00
1915,TikTok Ads,Tablet,378,79,2024-08-18 13:00:00
1503,Google Ads,Tablet,290,81,2024-08-18 14:00:00
1895,TikTok Ads,Mobile,433,54,2024-08-18 15:00:00
1391,TikTok Ads,Computer,353,15,2024-08-18 16:00:00
1134,LinkedIn Ads,Mobile,279,99,2024-08-18 17:00:00
1194,Meta Ads,Mobile,163,160,2024-08-18 18:00:00
1400,Google Ads,Computer,111,74,2024-08-18 19:00:00
1639,LinkedIn Ads,Computer,224,173,2024-08-18 20:00:00
1032,Meta Ads,Tablet,159,20,2024-08-18 21:00:00
1687,Meta Ads,Computer,441,72,2024-08-18 22:00:00
1459,YouTube Ads,Tablet,92,103,2024-08-18 23:00:00
1954,Google Ads,Tablet,119,52,2024-08-19 00:00:00
1882,Meta Ads,Tablet,444,188,2024-08-19 01:00:00
1469,LinkedIn Ads,Computer,396,68,2024-08-19 02:00:00
1374,YouTube Ads,Mobile,435,191,2024-08-19 03:00:00
1021,Google Ads,Tablet,284,94,2024-08-19 04:00:00
1749,TikTok Ads,Mobile,210,194,2024-08-19 05:00:00
1669,LinkedIn Ads,Mobile,293,80,2024-08-19 06:00:00
1037,Meta Ads,Computer,477,143,2024-08-19 07:00:00
1229,Meta Ads,Mobile,182,105,2024-08-19 08:00:00
1364,LinkedIn Ads,Mobile,336,93,2024-08-19 09:00:00
1562,Meta Ads,Computer,215,22,2024-08-19 10:00:00
1437,YouTube Ads,Tablet,72,23,2024-08-19 11:00:00
1775,Google Ads,Mobile,82,59,2024-08-19 12:00:00
1282,YouTube Ads,Computer,260,106,2024-08-19 13:00:00
1026,Meta Ads,Mobile,133,122,2024-08-19 14:00:00
1225,TikTok Ads,Mobile,384,158,2024-08-19 15:00:00
1276,Google Ads,Tablet,130,138,2024-08-19 16:00:00
1797,Google Ads,Mobile,284,8,2024-08-19 17:00:00
1608,LinkedIn Ads,Computer,440,112,2024-08-19 18:00:00
1283,LinkedIn Ads,Mobile,407,119,2024-08-19 19:00:00
1878,TikTok Ads,Tablet,129,33,2024-08-19 20:00:00
1959,Google Ads,Tablet,431,63,2024-08-19 21:00:00
1480,TikTok Ads,Computer,446,129,2024-08-19 22:00:00
1452,LinkedIn Ads,Tablet,326,102,2024-08-19 23:00:00
1828,LinkedIn Ads,Mobile,173,21,2024-08-20 00:00:00
1815,Google Ads,Tablet,433,111,2024-08-20 01:00:00
1658,YouTube Ads,Computer,474,47,2024-08-20 02:00:00
1515,Meta Ads,Tablet,295,84,2024-08-20 03:00:00
1546,LinkedIn Ads,Tablet,274,198,2024-08-20 04:00:00
1191,LinkedIn Ads,Tablet,329,166,2024-08-20 05:00:00
1048,YouTube Ads,Computer,170,12,2024-08-20 06:00:00
1511,YouTube Ads,Tablet,385,145,2024-08-20 07:00:00
1016,TikTok Ads,Tablet,317,110,2024-08-20 08:00:00
1171,TikTok Ads,Mobile,98,12,2024-08-20 09:00:00
1219,Meta Ads,Computer,151,100,2024-08-20 10:00:00
1157,Meta Ads,Tablet,212,98,2024-08-20 11:00:00
1476,Google Ads,Computer,318,69,2024-08-20 12:00:00
1045,TikTok Ads,Tablet,236,175,2024-08-20 13:00:00
1372,LinkedIn Ads,Tablet,498,43,2024-08-20 14:00:00
1517,TikTok Ads,Tablet,452,85,2024-08-20 15:00:00
1098,LinkedIn Ads,Mobile,343,191,2024-08-20 16:00:00
1891,YouTube Ads,Mobile,231,88,2024-08-20 17:00:00
1744,TikTok Ads,Mobile,50,92,2024-08-20 18:00:00
1036,YouTube Ads,Computer,205,90,2024-08-20 19:00:00
1279,Meta Ads,Computer,77,97,2024-08-20 20:00:00
1348,Meta Ads,Mobile,485,90,2024-08-20 21:00:00
1496,Google Ads,Computer,273,48,2024-08-20 22:00:00
1301,TikTok Ads,Tablet,11,141,2024-08-20 23:00:00
1180,YouTube Ads,Tablet,370,169,2024-08-21 00:00:00
1606,LinkedIn Ads,Tablet,134,78,2024-08-21 01:00:00
1098,Meta Ads,Mobile,119,40,2024-08-21 02:00:00
1699,Meta Ads,Computer,95,105,2024-08-21 03:00:00
1992,LinkedIn Ads,Mobile,434,160,2024-08-21 04:00:00
1115,YouTube Ads,Computer,129,174,2024-08-21 05:00:00
1190,YouTube Ads,Tablet,136,175,2024-08-21 06:00:00
1252,TikTok Ads,Mobile,264,174,2024-08-21 07:00:00
1980,TikTok Ads,Computer,192,108,2024-08-21 08:00:00
1927,Google Ads,Computer,25,70,2024-08-21 09:00:00
1982,Meta Ads,Tablet,486,59,2024-08-21 10:00:00
1160,TikTok Ads,Mobile,71,180,2024-08-21 11:00:00
1255,YouTube Ads,Mobile,378,95,2024-08-21 12:00:00
1322,LinkedIn Ads,Mobile,441,26,2024-08-21 13:00:00
1127,YouTube Ads,Tablet,167,105,2024-08-21 14:00:00
1017,Meta Ads,Mobile,277,159,2024-08-21 15:00:00
1792,YouTube Ads,Tablet,44,125,2024-08-21 16:00:00
1734,Google Ads,Tablet,276,97,2024-08-21 17:00:00
1565,Meta Ads,Tablet,73,199,2024-08-21 18:00:00
1569,LinkedIn Ads,Computer,59,112,2024-08-21 19:00:00
1322,Google Ads,Mobile,478,145,2024-08-21 20:00:00
1871,Meta Ads,Mobile,264,177,2024-08-21 21:00:00
1685,LinkedIn Ads,Tablet,158,14,2024-08-21 22:00:00
1791,Google Ads,Tablet,334,13,2024-08-21 23:00:00
1625,Google Ads,Mobile,313,186,2024-08-22 00:00:00
1287,Meta Ads,Tablet,285,159,2024-08-22 01:00:00
1942,TikTok Ads,Mobile,366,38,2024-08-22 02:00:00
1853,Google Ads,Computer,460,133,2024-08-22 03:00:00
1662,Google Ads,Tablet,181,164,2024-08-22 04:00:00
1961,LinkedIn Ads,Mobile,426,93,2024-08-22 05:00:00
1638,YouTube Ads,Tablet,210,97,2024-08-22 06:00:00
1154,Meta Ads,Mobile,454,75,2024-08-22 07:00:00
1489,Meta Ads,Mobile,402,71,2024-08-22 08:00:00
1385,TikTok Ads,Tablet,333,152,2024-08-22 09:00:00
1985,TikTok Ads,Computer,44,121,2024-08-22 10:00:00
1784,Meta Ads,Mobile,474,98,2024-08-22 11:00:00
1103,TikTok Ads,Mobile,491,167,2024-08-22 12:00:00
1928,LinkedIn Ads,Mobile,225,103,2024-08-22 13:00:00
1392,Meta Ads,Computer,489,117,2024-08-22 14:00:00
1810,TikTok Ads,Computer,74,107,2024-08-22 15:00:00
1245,Meta Ads,Tablet,17,95,2024-08-22 16:00:00
1175,YouTube Ads,Computer,310,94,2024-08-22 17:00:00
1038,Google Ads,Tablet,352,21,2024-08-22 18:00:00
1476,Meta Ads,Tablet,440,22,2024-08-22 19:00:00
1681,Google Ads,Computer,433,177,2024-08-22 20:00:00
1758,TikTok Ads,Tablet,341,120,2024-08-22 21:00:00
1537,Google Ads,Computer,447,97,2024-08-22 22:00:00
1866,Meta Ads,Tablet,85,185,2024-08-22 23:00:00
1817,YouTube Ads,Computer,183,95,2024-08-23 00:00:00
1920,TikTok Ads,Computer,56,86,2024-08-23 01:00:00
1407,Meta Ads,Tablet,24,72,2024-08-23 02:00:00
1524,TikTok Ads,Mobile,370,197,2024-08-23 03:00:00
1827,LinkedIn Ads,Tablet,156,118,2024-08-23 04:00:00
1505,Google Ads,Computer,35,5,2024-08-23 05:00:00
1902,LinkedIn Ads,Mobile,317,62,2024-08-23 06:00:00
1824,Meta Ads,Tablet,102,158,2024-08-23 07:00:00
1035,YouTube Ads,Tablet,415,113,2024-08-23 08:00:00
1684,TikTok Ads,Tablet,241,152,2024-08-23 09:00:00
1019,Google Ads,Mobile,30,120,2024-08-23 10:00:00
1320,TikTok Ads,Computer,316,91,2024-08-23 11:00:00
1775,Meta Ads,Tablet,47,14,2024-08-23 12:00:00
1511,TikTok Ads,Tablet,285,63,2024-08-23 13:00:00
1399,Google Ads,Tablet,166,45,2024-08-23 14:00:00
1653,Meta Ads,Tablet,188,109,2024-08-23 15:00:00
1971,TikTok Ads,Tablet,141,137,2024-08-23 16:00:00
1882,YouTube Ads,Computer,320,126,2024-08-23 17:00:00
1470,Meta Ads,Computer,464,197,2024-08-23 18:00:00
1142,Meta Ads,Tablet,357,149,2024-08-23 19:00:00
1091,YouTube Ads,Mobile,37,26,2024-08-23 20:00:00
1353,LinkedIn Ads,Computer,269,102,2024-08-23 21:00:00
1833,Google Ads,Mobile,415,173,2024-08-23 22:00:00
1799,LinkedIn Ads,Computer,85,72,2024-08-23 23:00:00
1726,TikTok Ads,Tablet,438,143,2024-08-24 00:00:00
1958,YouTube Ads,Computer,76,60,2024-08-24 01:00:00
1853,LinkedIn Ads,Tablet,351,183,2024-08-24 02:00:00
1050,Meta Ads,Computer,203,153,2024-08-24 03:00:00
1664,TikTok Ads,Tablet,481,103,2024-08-24 04:00:00
1697,TikTok Ads,Tablet,171,80,2024-08-24 05:00:00
1574,LinkedIn Ads,Tablet,356,30,2024-08-24 06:00:00
1189,LinkedIn Ads,Tablet,448,119,2024-08-24 07:00:00
1124,YouTube Ads,Mobile,370,151,2024-08-24 08:00:00
1149,Google Ads,Tablet,266,113,2024-08-24 09:00:00
1313,LinkedIn Ads,Mobile,81,192,2024-08-24 10:00:00
1569,LinkedIn Ads,Mobile,96,51,2024-08-24 11:00:00
1341,Meta Ads,Tablet,431,75,2024-08-24 12:00:00
1304,TikTok Ads,Mobile,271,158,2024-08-24 13:00:00
1691,Google Ads,Computer,223,44,2024-08-24 14:00:00
1681,Meta Ads,Tablet,162,137,2024-08-24 15:00:00
1837,YouTube Ads,Mobile,219,153,2024-08-24 16:00:00
1782,YouTube Ads,Tablet,410,136,2024-08-24 17:00:00
1053,LinkedIn Ads,Tablet,70,27,2024-08-24 18:00:00
1443,LinkedIn Ads,Tablet,277,110,2024-08-24 19:00:00
1612,YouTube Ads,Mobile,271,88,2024-08-24 20:00:00
1992,LinkedIn Ads,Computer,227,147,2024-08-24 21:00:00
1263,Google Ads,Computer,292,120,2024-08-24 22:00:00
1052,LinkedIn Ads,Mobile,145,113,2024-08-24 23:00:00
1571,TikTok Ads,Tablet,476,140,2024-08-25 00:00:00
1619,LinkedIn Ads,Mobile,389,45,2024-08-25 01:00:00
1004,Meta Ads,Mobile,371,116,2024-08-25 02:00:00
1102,Google Ads,Mobile,458,151,2024-08-25 03:00:00
1195,Meta Ads,Tablet,450,116,2024-08-25 04:00:00
1773,Meta Ads,Mobile,102,107,2024-08-25 05:00:00
1876,TikTok Ads,Tablet,118,50,2024-08-25 06:00:00
1991,Google Ads,Mobile,250,160,2024-08-25 07:00:00
1883,Google Ads,Computer,364,72,2024-08-25 08:00:00
1349,Google Ads,Mobile,433,126,2024-08-25 09:00:00
1046,Google Ads,Mobile,151,19,2024-08-25 10:00:00
1866,Google Ads,Computer,300,169,2024-08-25 11:00:00
1822,TikTok Ads,Tablet,441,133,2024-08-25 12:00:00
1935,LinkedIn Ads,Tablet,246,199,2024-08-25 13:00:00
1819,Meta Ads,Mobile,349,115,2024-08-25 14:00:00
1655,Google Ads,Computer,321,28,2024-08-25 15:00:00
1268,LinkedIn Ads,Tablet,186,31,2024-08-25 16:00:00
1369,LinkedIn Ads,Mobile,150,44,2024-08-25 17:00:00
1635,Meta Ads,Computer,198,195,2024-08-25 18:00:00
1105,TikTok Ads,Tablet,495,193,2024-08-25 19:00:00
1669,YouTube Ads,Tablet,58,168,2024-08-25 20:00:00
1658,YouTube Ads,Computer,311,28,2024-08-25 21:00:00
1656,LinkedIn Ads,Computer,378,28,2024-08-25 22:00:00
1119,Meta Ads,Computer,199,8,2024-08-25 23:00:00
1830,YouTube Ads,Computer,145,71,2024-08-26 00:00:00
1786,LinkedIn Ads,Mobile,52,38,2024-08-26 01:00:00
1603,TikTok Ads,Computer,413,189,2024-08-26 02:00:00
1057,YouTube Ads,Tablet,389,181,2024-08-26 03:00:00
1950,LinkedIn Ads,Tablet,362,185,2024-08-26 04:00:00
1345,LinkedIn Ads,Mobile,99,120,2024-08-26 05:00:00
1740,Google Ads,Tablet,304,27,2024-08-26 06:00:00
1473,TikTok Ads,Tablet,350,113,2024-08-26 07:00:00
1116,Google Ads,Computer,254,73,2024-08-26 08:00:00
1829,Meta Ads,Tablet,442,99,2024-08-26 09:00:00
1790,Google Ads,Mobile,201,185,2024-08-26 10:00:00
1126,Google Ads,Computer,327,66,2024-08-26 11:00:00
1392,YouTube Ads,Computer,115,173,2024-08-26 12:00:00
1907,LinkedIn Ads,Mobile,372,61,2024-08-26 13:00:00
1640,TikTok Ads,Computer,319,192,2024-08-26 14:00:00
1057,Google Ads,Computer,391,58,2024-08-26 15:00:00
1633,TikTok Ads,Mobile,242,74,2024-08-26 16:00:00
1512,Google Ads,Computer,274,105,2024-08-26 17:00:00
1750,Meta Ads,Mobile,353,61,2024-08-26 18:00:00
1801,Google Ads,Mobile,46,142,2024-08-26 19:00:00
1095,YouTube Ads,Tablet,314,172,2024-08-26 20:00:00
1637,LinkedIn Ads,Tablet,50,139,2024-08-26 21:00:00
1117,Meta Ads,Computer,26,107,2024-08-26 22:00:00
1559,Google Ads,Computer,353,170,2024-08-26 23:00:00
1600,TikTok Ads,Mobile,286,89,2024-08-27 00:00:00
1487,Meta Ads,Computer,316,65,2024-08-27 01:00:00
1236,Meta Ads,Mobile,68,7,2024-08-27 02:00:00
1884,Google Ads,Mobile,432,132,2024-08-27 03:00:00
1896,Meta Ads,Computer,192,183,2024-08-27 04:00:00
1271,TikTok Ads,Mobile,50,90,2024-08-27 05:00:00
1188,Meta Ads,Tablet,48,51,2024-08-27 06:00:00
1998,TikTok Ads,Computer,406,80,2024-08-27 07:00:00
1703,Google Ads,Tablet,201,42,2024-08-27 08:00:00
1446,LinkedIn Ads,Computer,276,168,2024-08-27 09:00:00
1580,Meta Ads,Mobile,156,173,2024-08-27 10:00:00
1789,LinkedIn Ads,Computer,404,145,2024-08-27 11:00:00
1860,TikTok Ads,Tablet,342,91,2024-08-27 12:00:00
1246,Meta Ads,Mobile,136,62,2024-08-27 13:00:00
1962,YouTube Ads,Computer,55,54,2024-08-27 14:00:00
1075,LinkedIn Ads,Computer,54,34,2024-08-27 15:00:00
1153,Meta Ads,Computer,10,194,2024-08-27 16:00:00
1655,LinkedIn Ads,Tablet,177,105,2024-08-27 17:00:00
1434,Meta Ads,Tablet,117,29,2024-08-27 18:00:00
1996,Google Ads,Computer,28,116,2024-08-27 19:00:00
1085,LinkedIn Ads,Mobile,341,159,2024-08-27 20:00:00
1696,YouTube Ads,Mobile,81,183,2024-08-27 21:00:00
1284,YouTube Ads,Tablet,465,189,2024-08-27 22:00:00
1973,TikTok Ads,Mobile,454,130,2024-08-27 23:00:00
1219,Meta Ads,Tablet,118,127,2024-08-28 00:00:00
1068,LinkedIn Ads,Computer,277,51,2024-08-28 01:00:00
1046,TikTok Ads,Tablet,454,122,2024-08-28 02:00:00
1093,LinkedIn Ads,Tablet,249,43,2024-08-28 03:00:00
1749,Meta Ads,Computer,426,20,2024-08-28 04:00:00
1957,YouTube Ads,Mobile,310,26,2024-08-28 05:00:00
1452,Google Ads,Tablet,99,58,2024-08-28 06:00:00
1203,YouTube Ads,Tablet,112,153,2024-08-28 07:00:00
1911,TikTok Ads,Computer,485,20,2024-08-28 08:00:00
1217,Google Ads,Mobile,259,63,2024-08-28 09:00:00
1473,TikTok Ads,Tablet,462,35,2024-08-28 10:00:00
1431,Meta Ads,Computer,17,174,2024-08-28 11:00:00
1340,Google Ads,Tablet,162,36,2024-08-28 12:00:00
1550,TikTok Ads,Computer,356,191,2024-08-28 13:00:00
1611,Meta Ads,Mobile,183,166,2024-08-28 14:00:00
1288,YouTube Ads,Mobile,352,13,2024-08-28 15:00:00
1253,Meta Ads,Mobile,167,143,2024-08-28 16:00:00
1733,LinkedIn Ads,Mobile,440,14,2024-08-28 17:00:00
1356,Meta Ads,Tablet,224,21,2024-08-28 18:00:00
1022,Meta Ads,Tablet,186,72,2024-08-28 19:00:00
1761,LinkedIn Ads,Mobile,184,52,2024-08-28 20:00:00
1521,TikTok Ads,Mobile,349,184,2024-08-28 21:00:00
1757,TikTok Ads,Mobile,347,115,2024-08-28 22:00:00
1836,Meta Ads,Tablet,155,157,2024-08-28 23:00:00
1099,LinkedIn Ads,Mobile,459,127,2024-08-29 00:00:00
1801,LinkedIn Ads,Mobile,333,153,2024-08-29 01:00:00
1179,YouTube Ads,Mobile,487,105,2024-08-29 02:00:00
1222,TikTok Ads,Computer,170,106,2024-08-29 03:00:00
1905,Google Ads,Mobile,136,69,2024-08-29 04:00:00
1761,TikTok Ads,Computer,429,195,2024-08-29 05:00:00
1658,TikTok Ads,Computer,91,55,2024-08-29 06:00:00
1441,YouTube Ads,Mobile,494,40,2024-08-29 07:00:00
1607,Google Ads,Computer,156,85,2024-08-29 08:00:00
1768,YouTube Ads,Mobile,248,131,2024-08-29 09:00:00
1324,Google Ads,Tablet,421,92,2024-08-29 10:00:00
1515,Meta Ads,Tablet,433,198,2024-08-29 11:00:00
1015,Google Ads,Tablet,93,108,2024-08-29 12:00:00
1791,YouTube Ads,Tablet,122,19,2024-08-29 13:00:00
1335,TikTok Ads,Computer,234,100,2024-08-29 14:00:00
1758,Google Ads,Mobile,341,171,2024-08-29 15:00:00
1257,Google Ads,Mobile,387,127,2024-08-29 16:00:00
1496,LinkedIn Ads,Mobile,252,5,2024-08-29 17:00:00
1987,TikTok Ads,Tablet,152,155,2024-08-29 18:00:00
1895,Meta Ads,Tablet,50,126,2024-08-29 19:00:00
1159,YouTube Ads,Mobile,432,171,2024-08-29 20:00:00
1474,Meta Ads,Tablet,267,130,2024-08-29 21:00:00
1851,TikTok Ads,Mobile,456,61,2024-08-29 22:00:00
1663,Google Ads,Mobile,294,85,2024-08-29 23:00:00
1907,Google Ads,Mobile,114,166,2024-08-30 00:00:00
1689,TikTok Ads,Mobile,211,173,2024-08-30 01:00:00
1674,Google Ads,Mobile,459,77,2024-08-30 02:00:00
1379,Google Ads,Mobile,316,145,2024-08-30 03:00:00
1544,Google Ads,Mobile,340,74,2024-08-30 04:00:00
1928,YouTube Ads,Tablet,470,10,2024-08-30 05:00:00
1956,YouTube Ads,Mobile,275,88,2024-08-30 06:00:00
1690,LinkedIn Ads,Mobile,407,56,2024-08-30 07:00:00
1426,Meta Ads,Tablet,219,7,2024-08-30 08:00:00
1612,TikTok Ads,Tablet,60,85,2024-08-30 09:00:00
1267,TikTok Ads,Tablet,127,67,2024-08-30 10:00:00
1834,TikTok Ads,Mobile,210,53,2024-08-30 11:00:00
1576,LinkedIn Ads,Computer,386,80,2024-08-30 12:00:00
1416,YouTube Ads,Computer,48,116,2024-08-30 13:00:00
1167,LinkedIn Ads,Tablet,37,179,2024-08-30 14:00:00
1841,TikTok Ads,Computer,268,113,2024-08-30 15:00:00
1042,Meta Ads,Tablet,93,187,2024-08-30 16:00:00
1555,Google Ads,Mobile,463,196,2024-08-30 17:00:00
1284,YouTube Ads,Computer,164,69,2024-08-30 18:00:00
1396,YouTube Ads,Mobile,126,85,2024-08-30 19:00:00
1011,LinkedIn Ads,Computer,11,199,2024-08-30 20:00:00
1606,YouTube Ads,Mobile,102,19,2024-08-30 21:00:00
1301,TikTok Ads,Computer,175,104,2024-08-30 22:00:00
1897,TikTok Ads,Mobile,396,36,2024-08-30 23:00:00
1252,LinkedIn Ads,Mobile,409,100,2024-08-31 00:00:00
1498,TikTok Ads,Computer,359,132,2024-08-31 01:00:00
1753,Meta Ads,Mobile,305,150,2024-08-31 02:00:00
1034,LinkedIn Ads,Mobile,267,117,2024-08-31 03:00:00
1726,Meta Ads,Mobile,90,87,2024-08-31 04:00:00
1848,Google Ads,Computer,434,47,2024-08-31 05:00:00
1089,Meta Ads,Computer,277,120,2024-08-31 06:00:00
1775,Google Ads,Mobile,428,167,2024-08-31 07:00:00
1604,Google Ads,Mobile,244,82,2024-08-31 08:00:00
1921,Meta Ads,Computer,330,62,2024-08-31 09:00:00
1969,LinkedIn Ads,Computer,320,37,2024-08-31 10:00:00
1601,TikTok Ads,Mobile,310,18,2024-08-31 11:00:00
1417,TikTok Ads,Mobile,472,166,2024-08-31 12:00:00
1114,Google Ads,Mobile,483,193,2024-08-31 13:00:00
1616,Google Ads,Tablet,366,136,2024-08-31 14:00:00
1902,LinkedIn Ads,Computer,222,63,2024-08-31 15:00:00
1195,YouTube Ads,Tablet,71,161,2024-08-31 16:00:00
1825,Meta Ads,Computer,58,87,2024-08-31 17:00:00
1500,Google Ads,Computer,136,138,2024-08-31 18:00:00
1625,TikTok Ads,Computer,232,125,2024-08-31 19:00:00
1492,LinkedIn Ads,Computer,418,181,2024-08-31 20:00:00
1074,Meta Ads,Computer,288,172,2024-08-31 21:00:00
1412,LinkedIn Ads,Computer,417,87,2024-08-31 22:00:00
1375,Meta Ads,Computer,303,197,2024-08-31 23:00:00
1419,Meta Ads,Tablet,293,31,2024-09-01 00:00:00
1728,Google Ads,Mobile,286,84,2024-09-01 01:00:00
1276,LinkedIn Ads,Mobile,447,138,2024-09-01 02:00:00
1760,LinkedIn Ads,Tablet,116,17,2024-09-01 03:00:00
1675,TikTok Ads,Tablet,155,68,2024-09-01 04:00:00
1393,TikTok Ads,Tablet,429,194,2024-09-01 05:00:00
1868,Google Ads,Tablet,108,151,2024-09-01 06:00:00
1456,Google Ads,Computer,438,84,2024-09-01 07:00:00
1919,YouTube Ads,Mobile,384,127,2024-09-01 08:00:00
1191,TikTok Ads,Computer,82,47,2024-09-01 09:00:00
1738,Meta Ads,Mobile,446,93,2024-09-01 10:00:00
1688,LinkedIn Ads,Mobile,495,152,2024-09-01 11:00:00
1098,Google Ads,Tablet,131,99,2024-09-01 12:00:00
1547,LinkedIn Ads,Computer,39,176,2024-09-01 13:00:00
1977,LinkedIn Ads,Tablet,197,155,2024-09-01 14:00:00
1998,YouTube Ads,Computer,373,6,2024-09-01 15:00:00
1095,TikTok Ads,Mobile,363,124,2024-09-01 16:00:00
1663,Google Ads,Tablet,297,26,2024-09-01 17:00:00
1662,LinkedIn Ads,Tablet,460,119,2024-09-01 18:00:00
1189,Google Ads,Mobile,204,61,2024-09-01 19:00:00
1735,Meta Ads,Mobile,165,76,2024-09-01 20:00:00
1036,YouTube Ads,Mobile,181,11,2024-09-01 21:00:00
1779,Meta Ads,Tablet,344,188,2024-09-01 22:00:00
1368,Google Ads,Computer,50,123,2024-09-01 23:00:00
1694,Google Ads,Tablet,72,199,2024-09-02 00:00:00
1524,TikTok Ads,Computer,32,118,2024-09-02 01:00:00
1278,LinkedIn Ads,Tablet,369,20,2024-09-02 02:00:00
1216,LinkedIn Ads,Tablet,84,87,2024-09-02 03:00:00
1866,Meta Ads,Mobile,57,183,2024-09-02 04:00:00
1872,YouTube Ads,Computer,169,76,2024-09-02 05:00:00
1797,LinkedIn Ads,Tablet,322,128,2024-09-02 06:00:00
1272,TikTok Ads,Tablet,127,117,2024-09-02 07:00:00
1880,Meta Ads,Mobile,109,16,2024-09-02 08:00:00
1061,Meta Ads,Mobile,389,130,2024-09-02 09:00:00
1595,TikTok Ads,Computer,426,57,2024-09-02 10:00:00
1879,YouTube Ads,Tablet,417,79,2024-09-02 11:00:00
1728,TikTok Ads,Computer,176,137,2024-09-02 12:00:00
1341,YouTube Ads,Tablet,299,31,2024-09-02 13:00:00
1396,TikTok Ads,Computer,449,144,2024-09-02 14:00:00
1698,TikTok Ads,Mobile,165,149,2024-09-02 15:00:00
1018,Google Ads,Tablet,430,138,2024-09-02 16:00:00
1176,Meta Ads,Computer,16,101,2024-09-02 17:00:00
1611,TikTok Ads,Mobile,205,9,2024-09-02 18:00:00
1395,TikTok Ads,Mobile,430,61,2024-09-02 19:00:00
1444,LinkedIn Ads,Computer,65,160,2024-09-02 20:00:00
1232,Meta Ads,Tablet,330,82,2024-09-02 21:00:00
1914,LinkedIn Ads,Tablet,202,73,2024-09-02 22:00:00
1075,Meta Ads,Mobile,56,122,2024-09-02 23:00:00
1264,LinkedIn Ads,Tablet,157,124,2024-09-03 00:00:00
1454,TikTok Ads,Tablet,284,63,2024-09-03 01:00:00
1795,TikTok Ads,Tablet,166,37,2024-09-03 02:00:00
1717,Google Ads,Mobile,211,66,2024-09-03 03:00:00
1734,LinkedIn Ads,Computer,453,54,2024-09-03 04:00:00
1383,YouTube Ads,Tablet,411,116,2024-09-03 05:00:00
1563,Google Ads,Mobile,485,23,2024-09-03 06:00:00
1850,LinkedIn Ads,Mobile,428,127,2024-09-03 07:00:00
1505,LinkedIn Ads,Computer,436,198,2024-09-03 08:00:00
1366,Google Ads,Tablet,488,51,2024-09-03 09:00:00
1143,TikTok Ads,Tablet,484,171,2024-09-03 10:00:00
1884,LinkedIn Ads,Computer,135,37,2024-09-03 11:00:00
1068,TikTok Ads,Computer,404,145,2024-09-03 12:00:00
1098,Google Ads,Mobile,314,88,2024-09-03 13:00:00
1395,TikTok Ads,Mobile,378,186,2024-09-03 14:00:00
1024,Meta Ads,Computer,303,139,2024-09-03 15:00:00
1947,YouTube Ads,Tablet,73,83,2024-09-03 16:00:00
1890,LinkedIn Ads,Mobile,334,18,2024-09-03 17:00:00
1468,YouTube Ads,Mobile,401,151,2024-09-03 18:00:00
1483,TikTok Ads,Tablet,427,132,2024-09-03 19:00:00
1564,LinkedIn Ads,Mobile,185,58,2024-09-03 20:00:00
1150,TikTok Ads,Tablet,125,152,2024-09-03 21:00:00
1143,Meta Ads,Tablet,449,33,2024-09-03 22:00:00
1568,Google Ads,Tablet,213,28,2024-09-03 23:00:00
1038,LinkedIn Ads,Computer,495,86,2024-09-04 00:00:00
1108,Meta Ads,Computer,330,67,2024-09-04 01:00:00
1692,Meta Ads,Computer,40,109,2024-09-04 02:00:00
1041,LinkedIn Ads,Tablet,397,61,2024-09-04 03:00:00
1185,TikTok Ads,Tablet,122,140,2024-09-04 04:00:00
1934,Meta Ads,Computer,374,66,2024-09-04 05:00:00
1397,YouTube Ads,Mobile,443,161,2024-09-04 06:00:00
1222,Meta Ads,Tablet,334,21,2024-09-04 07:00:00
1633,TikTok Ads,Mobile,423,70,2024-09-04 08:00:00
1132,TikTok Ads,Mobile,385,10,2024-09-04 09:00:00
1162,YouTube Ads,Tablet,353,62,2024-09-04 10:00:00
1214,Meta Ads,Tablet,452,73,2024-09-04 11:00:00
1732,TikTok Ads,Mobile,76,160,2024-09-04 12:00:00
1234,LinkedIn Ads,Mobile,84,66,2024-09-04 13:00:00
1842,Google Ads,Computer,54,173,2024-09-04 14:00:00
1657,Google Ads,Computer,269,86,2024-09-04 15:00:00
1750,Google Ads,Tablet,163,173,2024-09-04 16:00:00
1587,Meta Ads,Computer,164,181,2024-09-04 17:00:00
1008,YouTube Ads,Computer,439,181,2024-09-04 18:00:00
1073,TikTok Ads,Computer,372,75,2024-09-04 19:00:00
1953,LinkedIn Ads,Computer,457,135,2024-09-04 20:00:00
1491,LinkedIn Ads,Mobile,484,14,2024-09-04 21:00:00
1912,Meta Ads,Tablet,243,102,2024-09-04 22:00:00
1252,Google Ads,Computer,60,93,2024-09-04 23:00:00
1229,Meta Ads,Mobile,315,39,2024-09-05 00:00:00
1518,YouTube Ads,Mobile,271,6,2024-09-05 01:00:00
1173,YouTube Ads,Mobile,324,128,2024-09-05 02:00:00
1652,TikTok Ads,Computer,134,28,2024-09-05 03:00:00
1167,TikTok Ads,Computer,408,78,2024-09-05 04:00:00
1169,YouTube Ads,Tablet,254,170,2024-09-05 05:00:00
1392,YouTube Ads,Computer,39,26,2024-09-05 06:00:00
1945,YouTube Ads,Computer,435,158,2024-09-05 07:00:00
1794,Meta Ads,Mobile,494,175,2024-09-05 08:00:00
1633,YouTube Ads,Tablet,131,187,2024-09-05 09:00:00
1193,LinkedIn Ads,Computer,134,43,2024-09-05 10:00:00
1516,Google Ads,Computer,46,161,2024-09-05 11:00:00
1028,YouTube Ads,Mobile,179,24,2024-09-05 12:00:00
1164,Google Ads,Mobile,133,45,2024-09-05 13:00:00
1421,Meta Ads,Computer,366,186,2024-09-05 14:00:00
1338,Google Ads,Tablet,44,152,2024-09-05 15:00:00
1647,Meta Ads,Tablet,96,112,2024-09-05 16:00:00
1495,LinkedIn Ads,Mobile,143,151,2024-09-05 17:00:00
1364,Meta Ads,Mobile,205,88,2024-09-05 18:00:00
1832,Meta Ads,Computer,283,115,2024-09-05 19:00:00
1341,TikTok Ads,Mobile,210,70,2024-09-05 20:00:00
1499,YouTube Ads,Computer,378,162,2024-09-05 21:00:00
1656,YouTube Ads,Tablet,294,57,2024-09-05 22:00:00
1510,LinkedIn Ads,Tablet,86,38,2024-09-05 23:00:00
1326,LinkedIn Ads,Computer,68,154,2024-09-06 00:00:00
1216,YouTube Ads,Mobile,440,71,2024-09-06 01:00:00
1300,TikTok Ads,Tablet,135,138,2024-09-06 02:00:00
1131,YouTube Ads,Mobile,410,31,2024-09-06 03:00:00
1803,TikTok Ads,Tablet,118,14,2024-09-06 04:00:00
1069,LinkedIn Ads,Computer,233,77,2024-09-06 05:00:00
1251,Google Ads,Computer,287,100,2024-09-06 06:00:00
1414,LinkedIn Ads,Computer,77,52,2024-09-06 07:00:00
1786,LinkedIn Ads,Tablet,78,74,2024-09-06 08:00:00
1444,Meta Ads,Mobile,174,191,2024-09-06 09:00:00
1875,Meta Ads,Mobile,498,104,2024-09-06 10:00:00
1181,Meta Ads,Mobile,314,63,2024-09-06 11:00:00
1166,Meta Ads,Tablet,406,6,2024-09-06 12:00:00
1090,TikTok Ads,Tablet,171,161,2024-09-06 13:00:00
1713,YouTube Ads,Tablet,374,69,2024-09-06 14:00:00
1857,Google Ads,Tablet,351,87,2024-09-06 15:00:00
1530,LinkedIn Ads,Tablet,318,158,2024-09-06 16:00:00
1038,TikTok Ads,Mobile,388,14,2024-09-06 17:00:00
1125,Google Ads,Tablet,352,57,2024-09-06 18:00:00
1450,TikTok Ads,Tablet,444,83,2024-09-06 19:00:00
1172,TikTok Ads,Mobile,396,63,2024-09-06 20:00:00
1652,LinkedIn Ads,Tablet,51,154,2024-09-06 21:00:00
1753,YouTube Ads,Mobile,363,183,2024-09-06 22:00:00
1219,Meta Ads,Mobile,425,52,2024-09-06 23:00:00
1637,YouTube Ads,Computer,118,153,2024-09-07 00:00:00
1057,LinkedIn Ads,Computer,60,127,2024-09-07 01:00:00
1659,LinkedIn Ads,Computer,259,26,2024-09-07 02:00:00
1475,LinkedIn Ads,Computer,350,104,2024-09-07 03:00:00
1455,Google Ads,Tablet,439,102,2024-09-07 04:00:00
1828,YouTube Ads,Computer,392,162,2024-09-07 05:00:00
1894,YouTube Ads,Mobile,30,29,2024-09-07 06:00:00
1360,TikTok Ads,Tablet,309,32,2024-09-07 07:00:00
1934,TikTok Ads,Computer,148,197,2024-09-07 08:00:00
1000,TikTok Ads,Mobile,368,117,2024-09-07 09:00:00
1386,LinkedIn Ads,Tablet,333,49,2024-09-07 10:00:00
1972,YouTube Ads,Tablet,394,72,2024-09-07 11:00:00
1347,LinkedIn Ads,Computer,101,11,2024-09-07 12:00:00
1189,Google Ads,Tablet,456,53,2024-09-07 13:00:00
1504,TikTok Ads,Mobile,289,141,2024-09-07 14:00:00
1190,LinkedIn Ads,Tablet,134,168,2024-09-07 15:00:00
1507,LinkedIn Ads,Mobile,492,87,2024-09-07 16:00:00
1368,Google Ads,Tablet,406,133,2024-09-07 17:00:00
1408,Meta Ads,Computer,120,142,2024-09-07 18:00:00
1823,YouTube Ads,Mobile,363,168,2024-09-07 19:00:00
1928,Meta Ads,Tablet,148,77,2024-09-07 20:00:00
1933,TikTok Ads,Tablet,493,50,2024-09-07 21:00:00
1116,LinkedIn Ads,Tablet,444,110,2024-09-07 22:00:00
1133,Google Ads,Mobile,282,164,2024-09-07 23:00:00
1057,Google Ads,Mobile,108,36,2024-09-08 00:00:00
1555,YouTube Ads,Mobile,261,10,2024-09-08 01:00:00
1684,Meta Ads,Computer,347,180,2024-09-08 02:00:00
1671,YouTube Ads,Computer,113,170,2024-09-08 03:00:00
1172,LinkedIn Ads,Mobile,223,149,2024-09-08 04:00:00
1828,YouTube Ads,Tablet,258,78,2024-09-08 05:00:00
1814,Google Ads,Computer,161,118,2024-09-08 06:00:00
1148,Google Ads,Mobile,259,31,2024-09-08 07:00:00
1079,TikTok Ads,Tablet,284,58,2024-09-08 08:00:00
1885,TikTok Ads,Computer,174,182,2024-09-08 09:00:00
1212,LinkedIn Ads,Tablet,496,167,2024-09-08 10:00:00
1202,Meta Ads,Tablet,350,89,2024-09-08 11:00:00
1763,YouTube Ads,Tablet,17,131,2024-09-08 12:00:00
1228,LinkedIn Ads,Tablet,293,157,2024-09-08 13:00:00
1675,TikTok Ads,Computer,14,160,2024-09-08 14:00:00
1226,YouTube Ads,Computer,154,115,2024-09-08 15:00:00
1658,TikTok Ads,Computer,110,19,2024-09-08 16:00:00
1531,YouTube Ads,Mobile,173,136,2024-09-08 17:00:00
1440,Meta Ads,Computer,383,97,2024-09-08 18:00:00
1401,LinkedIn Ads,Tablet,156,127,2024-09-08 19:00:00
1046,YouTube Ads,Computer,73,77,2024-09-08 20:00:00
1232,Google Ads,Tablet,100,159,2024-09-08 21:00:00
1304,Google Ads,Mobile,126,158,2024-09-08 22:00:00
1525,YouTube Ads,Tablet,363,151,2024-09-08 23:00:00
1142,YouTube Ads,Tablet,276,96,2024-09-09 00:00:00
1414,YouTube Ads,Tablet,319,21,2024-09-09 01:00:00
1512,Google Ads,Mobile,182,47,2024-09-09 02:00:00
1372,Google Ads,Computer,56,125,2024-09-09 03:00:00
1565,YouTube Ads,Computer,149,45,2024-09-09 04:00:00
1885,TikTok Ads,Mobile,255,174,2024-09-09 05:00:00
1258,TikTok Ads,Tablet,158,182,2024-09-09 06:00:00
1655,Meta Ads,Computer,255,172,2024-09-09 07:00:00
1470,LinkedIn Ads,Mobile,404,43,2024-09-09 08:00:00
1952,TikTok Ads,Computer,496,117,2024-09-09 09:00:00
1970,Google Ads,Mobile,485,155,2024-09-09 10:00:00
1011,TikTok Ads,Tablet,14,115,2024-09-09 11:00:00
1329,Meta Ads,Computer,474,184,2024-09-09 12:00:00
1735,Meta Ads,Mobile,193,51,2024-09-09 13:00:00
1783,LinkedIn Ads,Computer,29,67,2024-09-09 14:00:00
1967,TikTok Ads,Computer,434,114,2024-09-09 15:00:00
1357,Google Ads,Computer,55,73,2024-09-09 16:00:00
1971,Google Ads,Computer,21,47,2024-09-09 17:00:00
1407,YouTube Ads,Mobile,79,180,2024-09-09 18:00:00
1667,Google Ads,Tablet,26,38,2024-09-09 19:00:00
1372,LinkedIn Ads,Mobile,380,44,2024-09-09 20:00:00
1007,LinkedIn Ads,Mobile,156,65,2024-09-09 21:00:00
1121,Google Ads,Mobile,163,182,2024-09-09 22:00:00
1347,Google Ads,Tablet,313,199,2024-09-09 23:00:00
1675,YouTube Ads,Computer,117,66,2024-09-10 00:00:00
1089,Google Ads,Computer,245,62,2024-09-10 01:00:00
1647,YouTube Ads,Computer,317,165,2024-09-10 02:00:00
1697,YouTube Ads,Tablet,361,79,2024-09-10 03:00:00
1315,Google Ads,Computer,79,20,2024-09-10 04:00:00
1177,Meta Ads,Tablet,192,86,2024-09-10 05:00:00
1539,Meta Ads,Computer,259,98,2024-09-10 06:00:00
1731,YouTube Ads,Computer,237,52,2024-09-10 07:00:00
1868,Google Ads,Mobile,111,142,2024-09-10 08:00:00
1040,Meta Ads,Tablet,84,86,2024-09-10 09:00:00
1739,Google Ads,Mobile,426,42,2024-09-10 10:00:00
1703,Google Ads,Mobile,455,131,2024-09-10 11:00:00
1922,Google Ads,Mobile,225,23,2024-09-10 12:00:00
1501,TikTok Ads,Tablet,416,168,2024-09-10 13:00:00
1958,Google Ads,Tablet,408,191,2024-09-10 14:00:00
1144,TikTok Ads,Computer,420,67,2024-09-10 15:00:00
1200,YouTube Ads,Mobile,212,81,2024-09-10 16:00:00
1928,Meta Ads,Computer,201,178,2024-09-10 17:00:00
1723,Meta Ads,Mobile,258,135,2024-09-10 18:00:00
1460,Meta Ads,Tablet,251,106,2024-09-10 19:00:00
1731,Meta Ads,Tablet,474,69,2024-09-10 20:00:00
1751,Meta Ads,Tablet,188,124,2024-09-10 21:00:00
1924,Meta Ads,Mobile,446,95,2024-09-10 22:00:00
1908,Meta Ads,Tablet,471,12,2024-09-10 23:00:00
1557,YouTube Ads,Mobile,228,183,2024-09-11 00:00:00
1546,Google Ads,Computer,91,77,2024-09-11 01:00:00
1252,LinkedIn Ads,Mobile,101,138,2024-09-11 02:00:00
1389,TikTok Ads,Computer,444,111,2024-09-11 03:00:00
1593,LinkedIn Ads,Mobile,184,93,2024-09-11 04:00:00
1882,LinkedIn Ads,Computer,248,43,2024-09-11 05:00:00
1255,Google Ads,Tablet,269,117,2024-09-11 06:00:00
1708,Google Ads,Computer,400,192,2024-09-11 07:00:00
1814,Google Ads,Tablet,374,32,2024-09-11 08:00:00
1920,Meta Ads,Tablet,172,101,2024-09-11 09:00:00
1449,YouTube Ads,Computer,57,186,2024-09-11 10:00:00
1009,Meta Ads,Mobile,338,41,2024-09-11 11:00:00
1823,YouTube Ads,Mobile,337,141,2024-09-11 12:00:00
1797,YouTube Ads,Mobile,125,86,2024-09-11 13:00:00
1241,LinkedIn Ads,Mobile,438,60,2024-09-11 14:00:00
1250,LinkedIn Ads,Mobile,346,191,2024-09-11 15:00:00
